id,name,email,phone,id_pic,password_hash,specialization,affiliations,division,district,location,is_active,is_verified
8b2f9833-f39c-442f-b889-c9f67378db0a,Abdullah Al Mamun,abdullah.al.mamun1@doctor.example.bd,+880130000000,,$synthetic$e0da102056b5f18d900ed0e442570aeb50488330ef7dc3c4bf9b26bbb7a64414,Cardiology,Dhaka Medical College Hospital,Dhaka,Dhaka,"Medical College Road, Dhaka, Bangladesh",False,False
fc3d9489-2e7c-4082-9714-d6fb0e9cfdb8,Nusrat Jahan,nusrat.jahan2@doctor.example.bd,+880140007919,/uploads/doctor-id/fbe3773b-cf26-4651-87d1-bfc50a241212.jpg,$synthetic$6a7c82589d84b3d42d760d11f0d1ff539c842aeab6cb31250179b682d8ddad6c,Internal Medicine,Bangabandhu Sheikh Mujib Medical University; United Hospital Limited,Dhaka,Faridpur,"Hospital Road, Faridpur, Bangladesh",True,True
5c5dd3c5-ea3c-46fc-8f10-c54a5d046fd3,Md. Saiful Islam,md_saiful.islam3@doctor.example.bd,+880150015838,/uploads/doctor-id/cef09fef-c246-4a39-82ad-7813cc9c5290.jpg,$synthetic$f0248273f940791bfe5dc0cd56f7c172d21949d02c60aff0fa7e24355c38591d,Neurology,Square Hospital,Dhaka,Gazipur,"Main Road, Gazipur Sadar, Bangladesh",True,True
1dbc5c6a-3e1c-4708-8d55-5f75a929dbb3,Farzana Rahman,farzana.rahman4@doctor.example.bd,+880160023757,/uploads/doctor-id/9897b508-b021-45f7-8f2b-6379af5095ff.jpg,$synthetic$b21d02252bc655c4f69f2e2fd3057e5d124ea0dc6a1bd2e263aaafdeb6076405,Pediatrics,Evercare Hospital Dhaka; Chattogram Medical College Hospital,Dhaka,Gopalganj,"Central Medical Area, Gopalganj, Bangladesh",True,True
bc27b6b5-41d3-4456-9847-d4a7dbdde663,Tanvir Ahmed,tanvir.ahmed5@doctor.example.bd,+880170031676,/uploads/doctor-id/e6eacd13-281e-4c08-bfed-39562b3b72ff.jpg,$synthetic$9ad71058d8352e339dca089ddc0500c75c424854b7b07ceb843fcda6503bfd32,Dermatology,United Hospital Limited,Dhaka,Kishoreganj,"Station Road, Kishoreganj, Bangladesh",True,False
7e508c23-e85e-4512-bf9e-a04216cd35ed,Sadia Sultana,sadia.sultana6@doctor.example.bd,+880180039595,/uploads/doctor-id/3bfe892a-5f6c-4476-84aa-7447663fe732.jpg,$synthetic$df7e95bdfcc326c352eb9be41272bcc9daf41938af7c4c338453f202417a2493,Orthopedics,Labaid Specialized Hospital; Khulna Medical College Hospital,Dhaka,Madaripur,"Medical College Road, Madaripur, Bangladesh",True,True
33e73b60-f04b-445a-9ce8-17f72b338df4,Mahmudul Hasan,mahmudul.hasan7@doctor.example.bd,+880190047514,/uploads/doctor-id/81cef92a-05f3-48b3-bcf3-bf052e476843.jpg,$synthetic$00ac45c16e3aff6cfaccf7351365db5b58776a06f1804b77fab46fb4575c0e31,Obstetrics and Gynecology,Chattogram Medical College Hospital,Dhaka,Manikganj,"Hospital Road, Manikganj, Bangladesh",True,True
8c7b1b9f-5112-4da1-a627-c36e4cb14596,Jannatul Ferdous,jannatul.ferdous8@doctor.example.bd,+880130055433,,$synthetic$762c3f37ffb86209fe3f69ad11a33923f969aca0f94c96e497cd629df2a984f8,General Surgery,Rajshahi Medical College Hospital; Sylhet MAG Osmani Medical College Hospital,Dhaka,Munshiganj,"Main Road, Munshiganj Sadar, Bangladesh",True,True
8f14f9a5-b3a1-4a54-a9a9-318770ef99e7,Ahsan Habib,ahsan.habib9@doctor.example.bd,+880140063352,/uploads/doctor-id/879ba860-3495-4246-99b3-665b05c45bf7.jpg,$synthetic$91e94ba7d520c6a3df7109bf1c874e6fdb420dfc42e98695d7fd34d531557558,Ophthalmology,Khulna Medical College Hospital,Dhaka,Narayanganj,"Central Medical Area, Narayanganj, Bangladesh",True,False
596c66b1-e5b9-40ba-be16-12c3c9369169,Sharmin Akter,sharmin.akter10@doctor.example.bd,+880150071271,/uploads/doctor-id/109c3380-d34d-4d4c-8f33-08c016c82e4e.jpg,$synthetic$7caa281af105f2cafe5123c88f3bb83017f63cbeafbd33ef05d4c9a181bb3134,ENT,Barishal Sher-e-Bangla Medical College Hospital; Mymensingh Medical College Hospital,Dhaka,Narsingdi,"Station Road, Narsingdi, Bangladesh",True,True
33585b11-321c-46bc-88f1-3cd02a7619d7,Mohammad Arif Hossain,mohammad.arif.hossain11@doctor.example.bd,+880160079190,/uploads/doctor-id/558f4402-f54d-4435-8368-5b050104207f.jpg,$synthetic$eee066cdadbecdc2d27127570b0d1362be4da2d2e26a0bf55a6993f82625898b,Psychiatry,Sylhet MAG Osmani Medical College Hospital,Dhaka,Rajbari,"Medical College Road, Rajbari, Bangladesh",True,True
d834f395-e314-4831-8795-f8b05bf79237,Rumana Karim,rumana.karim12@doctor.example.bd,+880170087109,/uploads/doctor-id/e62a8dbc-fafe-430f-8d6e-c82058cceb0d.jpg,$synthetic$dcf71245fb055cd222665d228873db3b1e66a8b968704d522349acdbaeae647c,Radiology,Rangpur Medical College Hospital; Bangabandhu Sheikh Mujib Medical University,Dhaka,Shariatpur,"Hospital Road, Shariatpur, Bangladesh",True,True
5b9323b0-4645-4b17-92e0-26355d3f0393,Faisal Ahmed,faisal.ahmed13@doctor.example.bd,+880180095028,/uploads/doctor-id/f06eeb0d-140e-4a67-b888-32c8d144dc64.jpg,$synthetic$3e25c7adce1f739111c444b8d4977638cad6bde6caf375bdbc000941eaea0159,Anesthesiology,Mymensingh Medical College Hospital,Dhaka,Tangail,"Main Road, Tangail Sadar, Bangladesh",True,False
f58f83ac-7a07-4f7c-a95f-2ea5beef23fb,Mst. Tania Sultana,mst_tania.sultana14@doctor.example.bd,+880190102947,/uploads/doctor-id/ca32640c-8c28-4dfc-b5f9-baa543b13365.jpg,$synthetic$7b0cdddd78bb828d9c9db181e53217f40a78d014a01a433bd3b7113cc7f2bbad,Urology,Dhaka Medical College Hospital; Evercare Hospital Dhaka,Chattogram,Bandarban,"Central Medical Area, Bandarban, Bangladesh",True,True
dc05e031-2a43-4fee-b404-3089b0021cd5,Imran Hossain,imran.hossain15@doctor.example.bd,+880130110866,,$synthetic$c09211c52d4bd89395592a0a7ef8961792fedce5612c87f1f34259a5ce1a7c96,Gastroenterology,Bangabandhu Sheikh Mujib Medical University,Chattogram,Brahmanbaria,"Station Road, Brahmanbaria, Bangladesh",True,True
cf288c47-1c91-4029-8f19-5df279a3324e,Nadia Tasnim,nadia.tasnim16@doctor.example.bd,+880140118785,/uploads/doctor-id/f9b4d0f2-614c-4bf1-aa81-d2eaf1daacef.jpg,$synthetic$c94d7d9da41e8295de7499a22644219f4e2ca8250bb3b94d8762ef4217226238,Nephrology,Square Hospital; Labaid Specialized Hospital,Chattogram,Chandpur,"Medical College Road, Chandpur, Bangladesh",True,True
31f7a6fd-89a7-4ae6-8598-698ba715866e,Rashedul Islam,rashedul.islam17@doctor.example.bd,+880150126704,/uploads/doctor-id/b5c38641-b9ee-4476-8723-d0a1774c9dc8.jpg,$synthetic$600cbb0b30e7ef8ca64e6783a0eb4c3278568f19f6189ef0256e7c61720edeb0,Endocrinology,Evercare Hospital Dhaka,Chattogram,Chattogram,"Hospital Road, Chattogram, Bangladesh",True,False
06741fff-9aa0-4106-8514-fa7908d881e7,Samira Haque,samira.haque18@doctor.example.bd,+880160134623,/uploads/doctor-id/a363f396-9a14-48d4-b3f5-3d7de4d72d78.jpg,$synthetic$2e6241062c6ec39365d5cf0fedb648c1ffaef150a8df592c9ea8a075f079d685,Pulmonology,United Hospital Limited; Rajshahi Medical College Hospital,Chattogram,Cumilla,"Main Road, Cumilla Sadar, Bangladesh",False,True
b9983532-71f3-4a00-917a-e73229bdce18,Sabbir Rahman,sabbir.rahman19@doctor.example.bd,+880170142542,/uploads/doctor-id/2f443f67-8e35-443e-9b2d-365c7baa63bc.jpg,$synthetic$ab853689e48a064288c5b6808fc7dbcd9194be6204b2cc04210c516e8bf26e4b,Oncology,Labaid Specialized Hospital,Chattogram,Cox's Bazar,"Central Medical Area, Cox's Bazar, Bangladesh",True,True
5fa50b6b-2841-413f-87db-4d53ada614f4,Maliha Chowdhury,maliha.chowdhury20@doctor.example.bd,+880180150461,/uploads/doctor-id/cbfc1d60-7969-46c8-b66b-255c82a0eb4f.jpg,$synthetic$368cc36b60f06f7aae10a5f498658354c4a84db89d2a469ae675644e317394d9,Family Medicine,Chattogram Medical College Hospital; Barishal Sher-e-Bangla Medical College Hospital,Chattogram,Feni,"Station Road, Feni, Bangladesh",True,True
6edf2574-a425-4fbd-9b08-4878876ce47b,Shahriar Kabir,shahriar.kabir21@doctor.example.bd,+880190158380,/uploads/doctor-id/54cf8b50-47ea-4be4-af57-43ddd98cb2d5.jpg,$synthetic$94510d5e84094b2f1c6d32ac648e56e74615165530f4f9e7defdd8cdee6199f8,Cardiology,Rajshahi Medical College Hospital,Chattogram,Khagrachhari,"Medical College Road, Khagrachhari, Bangladesh",True,False
416e536c-e1d5-4ea2-ac9f-ec38cd6652f7,Tahmina Yasmin,tahmina.yasmin22@doctor.example.bd,+880130166299,,$synthetic$a8ccef3d9e976d4ef1e3aa9a69f35e26d8adb0ccf4820350c803b647d1153827,Internal Medicine,Khulna Medical College Hospital; Rangpur Medical College Hospital,Chattogram,Lakshmipur,"Hospital Road, Lakshmipur, Bangladesh",True,True
482bb11f-1186-4c68-8472-74c1a7b5081a,Mehedi Hasan,mehedi.hasan23@doctor.example.bd,+880140174218,/uploads/doctor-id/c6999d41-fe78-428f-a8a3-50ff54ca1697.jpg,$synthetic$8c94104ec574c1070f6ba043730a49b8733cc85522fddcfecb32a751121ed960,Neurology,Barishal Sher-e-Bangla Medical College Hospital,Chattogram,Noakhali,"Main Road, Noakhali Sadar, Bangladesh",True,True
a9e9e86e-e3ee-44b4-af35-f6e68cbbb5e3,Sanjida Akter,sanjida.akter24@doctor.example.bd,+880150182137,/uploads/doctor-id/3f3084d8-2e62-43e8-832f-e384f3ab3245.jpg,$synthetic$b39eaaad7a4194b003103c8935240bd76cba80b988219bb24b1da40155fd81ba,Pediatrics,Sylhet MAG Osmani Medical College Hospital; Dhaka Medical College Hospital,Chattogram,Rangamati,"Central Medical Area, Rangamati, Bangladesh",True,True
7f34e031-a4f3-4485-93fe-c3c67d9e8723,Kamal Uddin,kamal.uddin25@doctor.example.bd,+880160190056,/uploads/doctor-id/4fe2ccf4-ffac-4150-8fb7-84179584fbd3.jpg,$synthetic$53e8f6833512b77fa48f40d241b0b131d426a40f5dc8816c91112a801e87f0bf,Dermatology,Rangpur Medical College Hospital,Rajshahi,Bogura,"Station Road, Bogura, Bangladesh",True,False
d2042da1-31f7-4ea3-af30-086f5c638337,Moumita Das,moumita.das26@doctor.example.bd,+880170197975,/uploads/doctor-id/9cc9a16d-504c-45b7-98ee-7aa88488a2fa.jpg,$synthetic$5589b039485325cc968cd4c471cb827c955d39772d138fae48e0e71769022eb1,Orthopedics,Mymensingh Medical College Hospital; Square Hospital,Rajshahi,Chapainawabganj,"Medical College Road, Chapainawabganj, Bangladesh",True,True
3db10a4c-b8ec-423d-add0-aae04ac0275d,Raihan Ahmed,raihan.ahmed27@doctor.example.bd,+880180205894,/uploads/doctor-id/8e5b8721-e74b-485f-99cd-ab3c42145e8a.jpg,$synthetic$680f6260b9ec5598b924959fdf72ce1aee33ac9f13560b4e4900d2b879de92f8,Obstetrics and Gynecology,Dhaka Medical College Hospital,Rajshahi,Joypurhat,"Hospital Road, Joypurhat, Bangladesh",True,True
a1621133-ebb2-4abf-b78e-be9d89b0f5c1,Sumaiya Islam,sumaiya.islam28@doctor.example.bd,+880190213813,/uploads/doctor-id/f7cbb4c9-8fbb-4b41-a84e-3af5b8c1819e.jpg,$synthetic$e769b33680d2c0e1303175ea5949e2b37a0bd160d5517a426b36da42a1438420,General Surgery,Bangabandhu Sheikh Mujib Medical University; United Hospital Limited,Rajshahi,Naogaon,"Main Road, Naogaon Sadar, Bangladesh",True,True
800a9d3c-5e31-49be-b26b-1b9fb61c524d,Shakil Mahmud,shakil.mahmud29@doctor.example.bd,+880130221732,,$synthetic$5f02414b3c8f7655cbb9c4d90fc1056cd219c044540df3c3a758e65b2434b2df,Ophthalmology,Square Hospital,Rajshahi,Natore,"Central Medical Area, Natore, Bangladesh",True,False
fd97e405-4229-4522-84d3-917da4acc9af,Nafisa Rahman,nafisa.rahman30@doctor.example.bd,+880140229651,/uploads/doctor-id/74ac51de-9ac7-407f-a529-1da174937256.jpg,$synthetic$c0f835c2447e7ac19c0f05975861e4772933ecffaa40836e5ae3ed05b7624669,ENT,Evercare Hospital Dhaka; Chattogram Medical College Hospital,Rajshahi,Pabna,"Station Road, Pabna, Bangladesh",True,True
6f36be96-94fc-4c33-81f5-302c249b9862,Omar Faruk,omar.faruk31@doctor.example.bd,+880150237570,/uploads/doctor-id/e6c6ffad-878d-42c0-8472-a7a8f3f75ae5.jpg,$synthetic$be90890d4a5359c96db4ec8bdd88491abfe68e8d50103b229e5bb0e0c7bda154,Psychiatry,United Hospital Limited,Rajshahi,Rajshahi,"Medical College Road, Rajshahi, Bangladesh",True,True
78cc1d66-d0b5-467f-8e08-6d1e2a4217e3,Priyanka Saha,priyanka.saha32@doctor.example.bd,+880160245489,/uploads/doctor-id/7519d51e-98e4-4138-ad3d-d3e61a431d28.jpg,$synthetic$361d8a2abc332334fb09f0d9e0607f8c9b54ec370989d2a0e9bbd43dfda9744d,Radiology,Labaid Specialized Hospital; Khulna Medical College Hospital,Rajshahi,Sirajganj,"Hospital Road, Sirajganj, Bangladesh",True,True
fc814baa-e12b-41e3-8291-fc2eaa8a981a,Rezaul Karim,rezaul.karim33@doctor.example.bd,+880170253408,/uploads/doctor-id/fad6d314-8150-4fc1-bd12-46233826822e.jpg,$synthetic$1dd4da1b38707f4285227f314e77e6a1db410e00a1aa650a51c47ca40c73d994,Anesthesiology,Chattogram Medical College Hospital,Khulna,Bagerhat,"Main Road, Bagerhat Sadar, Bangladesh",True,False
680bea0e-c29b-4d12-ac28-dc8e538d05df,Mariya Akter,mariya.akter34@doctor.example.bd,+880180261327,/uploads/doctor-id/ebc11245-46dc-4212-9227-1a8c8226e167.jpg,$synthetic$1e0b6a83a81908e697759705bbb67e1c4813cad2aba0a1f447d0d3ecd0e80fd6,Urology,Rajshahi Medical College Hospital; Sylhet MAG Osmani Medical College Hospital,Khulna,Chuadanga,"Central Medical Area, Chuadanga, Bangladesh",True,True
f4d0736a-0400-4205-a881-42331926bc77,Anisur Rahman,anisur.rahman35@doctor.example.bd,+880190269246,/uploads/doctor-id/4fbc2dcf-4e57-4e30-afca-09713e3e3588.jpg,$synthetic$a7204def5d0312d2e5d248cf0158aef7fa92ab2b762f81cd7753d4b38f499480,Gastroenterology,Khulna Medical College Hospital,Khulna,Jashore,"Station Road, Jashore, Bangladesh",False,True
80201144-84cd-495c-97bf-f423d2321006,Fariha Noor,fariha.noor36@doctor.example.bd,+880130277165,,$synthetic$bfcfd71d57f6ec59fa8f8820ca29d5b8f938d7b608ef8b86ef61fd87f813b5f7,Nephrology,Barishal Sher-e-Bangla Medical College Hospital; Mymensingh Medical College Hospital,Khulna,Jhenaidah,"Medical College Road, Jhenaidah, Bangladesh",True,True
729ef616-bd3f-4d26-b500-a0049adb7d24,Nasir Uddin,nasir.uddin37@doctor.example.bd,+880140285084,/uploads/doctor-id/d2e35688-650d-40c9-b1d3-5c1255a576a6.jpg,$synthetic$02e8785c289751603f4645c939321a70578147e737e9d5283cd660a2d6ed5211,Endocrinology,Sylhet MAG Osmani Medical College Hospital,Khulna,Khulna,"Hospital Road, Khulna, Bangladesh",True,False
e79fffbc-60cf-416c-bcd8-829f57978992,Sabrina Ahmed,sabrina.ahmed38@doctor.example.bd,+880150293003,/uploads/doctor-id/d6e00211-9f07-4c02-9220-923246bfd987.jpg,$synthetic$19efd1a5a773e2b6abbbd5ac61812ad782a486b9465999fcb1a1d7f9817479bb,Pulmonology,Rangpur Medical College Hospital; Bangabandhu Sheikh Mujib Medical University,Khulna,Kushtia,"Main Road, Kushtia Sadar, Bangladesh",True,True
69955311-709b-4779-bc6f-33c6f0d2d3fe,Zahid Hasan,zahid.hasan39@doctor.example.bd,+880160300922,/uploads/doctor-id/93c597dd-c781-4b7c-bbf4-ef042c30c478.jpg,$synthetic$aa693d8f209c2cb9d790f6baacf17e38f989fcf1fec6bce70dec29d025a774ff,Oncology,Mymensingh Medical College Hospital,Khulna,Magura,"Central Medical Area, Magura, Bangladesh",True,True
bafdebda-6b2d-4056-b0e8-a5a9ffd965bb,Lamia Haque,lamia.haque40@doctor.example.bd,+880170308841,/uploads/doctor-id/2b9e2b9e-abc8-41e9-a090-f4d31cdca395.jpg,$synthetic$f8f6ef1bb79536cbf7e92e2fe37483c3373937fc2a5f481fc191c2a2a0dde576,Family Medicine,Dhaka Medical College Hospital; Evercare Hospital Dhaka,Khulna,Meherpur,"Station Road, Meherpur, Bangladesh",True,True
70039b86-605b-4262-b336-961df7c5cdac,Mizanur Rahman,mizanur.rahman41@doctor.example.bd,+880180316760,/uploads/doctor-id/08f9efda-eaff-4a8a-9b38-584291ece0ad.jpg,$synthetic$d061a566126149f70f6deaaa84c48ff63d870bf02fe1e067ae49acbce6c17dd0,Cardiology,Bangabandhu Sheikh Mujib Medical University,Khulna,Narail,"Medical College Road, Narail, Bangladesh",True,False
65f4e8cf-70a0-46cb-9d2a-095ff2a97de2,Rafia Sultana,rafia.sultana42@doctor.example.bd,+880190324679,/uploads/doctor-id/c8a79798-aa0a-43ab-bc57-38912985877d.jpg,$synthetic$943e1b1f7373c509a74504be688bb365fa9f2ef41edb732de058a82b892a48fb,Internal Medicine,Square Hospital; Labaid Specialized Hospital,Khulna,Satkhira,"Hospital Road, Satkhira, Bangladesh",True,True
45ac16c6-e4ee-4aa6-9096-8b012efe5354,Arman Hossain,arman.hossain43@doctor.example.bd,+880130332598,,$synthetic$668f6270607fc4136e882868940bc5c07ee835c2fd0f5e3b3ce49ece73e503cc,Neurology,Evercare Hospital Dhaka,Barishal,Barguna,"Main Road, Barguna Sadar, Bangladesh",True,True
67a54136-23ba-45ad-9925-8ddc8094fdc5,Joya Sen,joya.sen44@doctor.example.bd,+880140340517,/uploads/doctor-id/5c8e90f2-51d6-447f-8698-e27faf1364e7.jpg,$synthetic$b4ce5ced8474f5057773079e70b9588a44d531126f0e8a1edb766d01d480e7b3,Pediatrics,United Hospital Limited; Rajshahi Medical College Hospital,Barishal,Barishal,"Central Medical Area, Barishal, Bangladesh",True,True
85641ce8-b7d5-4884-82d7-b97f09768ae6,Sajjad Hossain,sajjad.hossain45@doctor.example.bd,+880150348436,/uploads/doctor-id/e3cce937-0b3a-4a1e-97a0-4c2960eca555.jpg,$synthetic$ae73f18dbe6241ead35889a4cd94a8bf1146d3f6bdb34ece8e2c10b1534f20cb,Dermatology,Labaid Specialized Hospital,Barishal,Bhola,"Station Road, Bhola, Bangladesh",True,False
1db648d5-92ba-4b6f-a843-bb5424458bb1,Nabila Islam,nabila.islam46@doctor.example.bd,+880160356355,/uploads/doctor-id/3a30dc60-9ca2-49a7-81f9-08a92a5990d3.jpg,$synthetic$e30d20685b18835d4becf8217c63e9302050fa7920356df3b1f65359482f8334,Orthopedics,Chattogram Medical College Hospital; Barishal Sher-e-Bangla Medical College Hospital,Barishal,Jhalokati,"Medical College Road, Jhalokati, Bangladesh",True,True
6ecab3a8-3c82-448f-a241-259aaa00f07e,Habibullah Khan,habibullah.khan47@doctor.example.bd,+880170364274,/uploads/doctor-id/57bdf28d-e2a0-4795-b342-ac5939c776f5.jpg,$synthetic$b8a4ccb33627b3412e06088637a534628243aaacb3653f61e7fd1f3c0b7848ce,Obstetrics and Gynecology,Rajshahi Medical College Hospital,Barishal,Patuakhali,"Hospital Road, Patuakhali, Bangladesh",True,True
8b6c1d9a-cd3a-4cf8-9cfd-0f4c7d29027d,Ritu Das,ritu.das48@doctor.example.bd,+880180372193,/uploads/doctor-id/def93c2a-9633-4600-9630-ef2aecbe7f8f.jpg,$synthetic$5c087d526ab4104e88adac8729e3fead643b7cb75fc16cc4221b2da5c38f6b8f,General Surgery,Khulna Medical College Hospital; Rangpur Medical College Hospital,Barishal,Pirojpur,"Main Road, Pirojpur Sadar, Bangladesh",True,True
6809109d-e91b-429c-8528-0c00637085f8,Shafiqul Islam,shafiqul.islam49@doctor.example.bd,+880190380112,/uploads/doctor-id/b7c2f7b6-d784-4035-b0bd-e4d96fc2e909.jpg,$synthetic$5d9ee9b96ce4207224a6a39f5e0016bf5cfb9a7c8f52792894fad9ea994dafb0,Ophthalmology,Barishal Sher-e-Bangla Medical College Hospital,Sylhet,Habiganj,"Central Medical Area, Habiganj, Bangladesh",True,False
011398c4-4cba-44f9-89a4-86918a79f675,Mehnaz Rahman,mehnaz.rahman50@doctor.example.bd,+880130388031,,$synthetic$1bd6f5af253d74f1f1f10a106278af78fd61ab34623cb52321c6ef8163dbb76e,ENT,Sylhet MAG Osmani Medical College Hospital; Dhaka Medical College Hospital,Sylhet,Moulvibazar,"Station Road, Moulvibazar, Bangladesh",True,True
038fbd78-41b5-4c35-a49f-a99ed2452ad7,Asif Iqbal,asif.iqbal51@doctor.example.bd,+880140395950,/uploads/doctor-id/e7cbef59-c59a-4f3b-8a6d-92b57487bcd4.jpg,$synthetic$d9a152647f2195e4b07ab10087fa28ee57bc7c2832b5f691762f5dbf6f14b9ff,Psychiatry,Rangpur Medical College Hospital,Sylhet,Sunamganj,"Medical College Road, Sunamganj, Bangladesh",True,True
4489128e-6ecf-4331-9e7d-87c8e3d89b0e,Purnima Roy,purnima.roy52@doctor.example.bd,+880150403869,/uploads/doctor-id/054e4048-53b2-45f2-9ec9-ce187a30dc66.jpg,$synthetic$ffcb320080a3ff94cfc198fb17eae40ae6e000ad6f08e426f2dc36dae9e18417,Radiology,Mymensingh Medical College Hospital; Square Hospital,Sylhet,Sylhet,"Hospital Road, Sylhet, Bangladesh",False,True
6a70a3aa-abb2-4112-9e54-cf89aae5a32c,Morshed Alam,morshed.alam53@doctor.example.bd,+880160411788,/uploads/doctor-id/a8750405-b6ea-48a8-a07a-df0fb7539844.jpg,$synthetic$f10b508d6b77d44d66eaa5202a280ba357cbbcfcc71b790e0a7215747c99cefd,Anesthesiology,Dhaka Medical College Hospital,Rangpur,Dinajpur,"Main Road, Dinajpur Sadar, Bangladesh",True,False
b96af5a1-3527-4642-92e2-4577002e82e9,Sultana Parvin,sultana.parvin54@doctor.example.bd,+880170419707,/uploads/doctor-id/ea0a169c-f2a2-4fa3-8c5d-f12a259b4bfd.jpg,$synthetic$26fd32e6c44f4952fe784a0e353fc376c7886b5ecb694a301a0e050fa86d72a5,Urology,Bangabandhu Sheikh Mujib Medical University; United Hospital Limited,Rangpur,Gaibandha,"Central Medical Area, Gaibandha, Bangladesh",True,True
096e939c-b1a3-4c5e-a4e5-cc7685c52ed0,Jubayer Ahmed,jubayer.ahmed55@doctor.example.bd,+880180427626,/uploads/doctor-id/2273e043-5501-408c-a24c-b294d314bdc7.jpg,$synthetic$7ee1f9895c627ac97c34dfb1a07ae8eb11511fc466d7436ca9ac0bddb14cdcf7,Gastroenterology,Square Hospital,Rangpur,Kurigram,"Station Road, Kurigram, Bangladesh",True,True
e0da6689-1e10-421e-9653-07fe9646a7e7,Anika Tabassum,anika.tabassum56@doctor.example.bd,+880190435545,/uploads/doctor-id/cffa78a7-1db1-48e5-a7c0-121829d97579.jpg,$synthetic$d1fed80419444fd7804d62d0460267665bc3cfd10f555924d4e669ffdbfaca8c,Nephrology,Evercare Hospital Dhaka; Chattogram Medical College Hospital,Rangpur,Lalmonirhat,"Medical College Road, Lalmonirhat, Bangladesh",True,True
1bc9dab7-e151-4951-9860-d435285fbf49,Kawsar Ahmed,kawsar.ahmed57@doctor.example.bd,+880130443464,,$synthetic$1540fff0f832d6d856fd14dd68c0c1b281254c9ec340d50aae540407a3e89b63,Endocrinology,United Hospital Limited,Rangpur,Nilphamari,"Hospital Road, Nilphamari, Bangladesh",True,False
359d0fb7-15cf-4356-a8a2-e034705f8a9b,Mim Akter,mim.akter58@doctor.example.bd,+880140451383,/uploads/doctor-id/33640eee-51ca-4bc0-b9aa-fe150eb4afb9.jpg,$synthetic$3cc2ba3d27d364a895bf093aece1786c501f4000f1c9ce3f28f99e38ae50f301,Pulmonology,Labaid Specialized Hospital; Khulna Medical College Hospital,Rangpur,Panchagarh,"Main Road, Panchagarh Sadar, Bangladesh",True,True
e4b57466-911b-4b07-bb17-2c288e59e35b,Rakibul Hasan,rakibul.hasan59@doctor.example.bd,+880150459302,/uploads/doctor-id/811ffa4e-7217-4274-a371-1f0efaf7f189.jpg,$synthetic$fb2c0173a19e88dfc2dd3747e7ffce9bc94d8076fe52fc295b88e29bb6200649,Oncology,Chattogram Medical College Hospital,Rangpur,Rangpur,"Central Medical Area, Rangpur, Bangladesh",True,True
01df39ee-e2e3-4cee-bb5c-545bee4329ee,Sohana Rahman,sohana.rahman60@doctor.example.bd,+880160467221,/uploads/doctor-id/33de29db-86d8-46e4-a7a4-6d7a1579f6a1.jpg,$synthetic$b972502c86bc0b75638ffa3d64bb9c78fb51626a9a067d7877811422c738531d,Family Medicine,Rajshahi Medical College Hospital; Sylhet MAG Osmani Medical College Hospital,Rangpur,Thakurgaon,"Station Road, Thakurgaon, Bangladesh",True,True
4902d87d-014c-4e46-8d62-c9a9decbfbb5,Nazmul Hossain,nazmul.hossain61@doctor.example.bd,+880170475140,/uploads/doctor-id/536abd4b-077c-4667-8d99-107bb58226a8.jpg,$synthetic$b1431e66e4004925b3bfe5f7b9cbbb3703b706cc27d75a21f03f14d63e5095d4,Cardiology,Khulna Medical College Hospital,Mymensingh,Jamalpur,"Medical College Road, Jamalpur, Bangladesh",True,False
998ce155-d7ba-4ad4-bfa4-3219610b2cdd,Ishrat Jahan,ishrat.jahan62@doctor.example.bd,+880180483059,/uploads/doctor-id/94c4894e-04dc-4c9c-a791-100bcc0360ba.jpg,$synthetic$ee28793c659a0c3856f668def83376297bc69fe53c08bcb602ce574e9c410e89,Internal Medicine,Barishal Sher-e-Bangla Medical College Hospital; Mymensingh Medical College Hospital,Mymensingh,Mymensingh,"Hospital Road, Mymensingh, Bangladesh",True,True
514825a6-a5f2-4371-9780-1eee75b2ef4f,Fahim Rahman,fahim.rahman63@doctor.example.bd,+880190490978,/uploads/doctor-id/0edc5749-1a28-4462-96ac-8ab4b51d3111.jpg,$synthetic$27ba1e4899630b30633812f0dfe136bc1474d4d06661e5b66b38b8e3fc242a24,Neurology,Sylhet MAG Osmani Medical College Hospital,Mymensingh,Netrokona,"Main Road, Netrokona Sadar, Bangladesh",True,True
67622e34-5ff2-4424-98e5-d8f0971ac769,Sadia Afrin,sadia.afrin64@doctor.example.bd,+880130498897,,$synthetic$4dcaf5b5463fbf41e20d2e3d41bc8e47503f7cb058ea11302184ca129374246e,Pediatrics,Rangpur Medical College Hospital; Bangabandhu Sheikh Mujib Medical University,Mymensingh,Sherpur,"Central Medical Area, Sherpur, Bangladesh",True,True
718e70de-148f-4ade-a82c-ae580f80e285,Belal Hossain,belal.hossain65@doctor.example.bd,+880140506816,/uploads/doctor-id/2743e2dd-84a8-4f06-abc9-45b7a60b3d58.jpg,$synthetic$55f418969dd318291c76f049f151387da09038f84ab1dc7fd10589a8d07831f8,Dermatology,Mymensingh Medical College Hospital,Dhaka,Gopalganj,"Station Road, Gopalganj, Bangladesh",True,False
cd50685e-b855-4999-b91f-c526ae1e3374,Roksana Begum,roksana.begum66@doctor.example.bd,+880150514735,/uploads/doctor-id/d666ada9-e64f-483f-b39b-9de2b99b703c.jpg,$synthetic$859da50e5492bcf2af4b3e941a6f360bd929a227700b1d8d9d949cef2876b491,Orthopedics,Dhaka Medical College Hospital; Evercare Hospital Dhaka,Dhaka,Rajbari,"Medical College Road, Rajbari, Bangladesh",True,True
b8be9a19-206e-4259-8e82-893198274a7b,Touhidul Islam,touhidul.islam67@doctor.example.bd,+880160522654,/uploads/doctor-id/4c5fc4bc-1220-410b-b29a-456814cf2b07.jpg,$synthetic$8e689c8c4d781fa9aab6c585deaffbf381093dfe4fcb0981a4a0c9a1bd1f944a,Obstetrics and Gynecology,Bangabandhu Sheikh Mujib Medical University,Chattogram,Cumilla,"Hospital Road, Cumilla, Bangladesh",True,True
3231da80-a21d-4cd5-97af-a21b5975ecdb,Mahiya Karim,mahiya.karim68@doctor.example.bd,+880170530573,/uploads/doctor-id/845ce7b0-9b65-49b2-a784-6bca823f9641.jpg,$synthetic$e035620a6f5eedbe9b2591948ad6c6caf0337e4effaa8483428a29972db9dd1a,General Surgery,Square Hospital; Labaid Specialized Hospital,Rajshahi,Bogura,"Main Road, Bogura Sadar, Bangladesh",True,True
3c0cb692-d902-4913-a556-b36056673dbe,Saad Rahman,saad.rahman69@doctor.example.bd,+880180538492,/uploads/doctor-id/7bc25ea3-a494-482a-9a68-06e1de7a9bf3.jpg,$synthetic$b08e74cc2c33168975a1c08a331a87384fc75d51c81bab1ebf557a9a09b6f2c4,Ophthalmology,Evercare Hospital Dhaka,Rajshahi,Sirajganj,"Central Medical Area, Sirajganj, Bangladesh",False,False
b83891b7-f282-41f4-889d-6833f93b91c9,Mariya Islam,mariya.islam70@doctor.example.bd,+880190546411,/uploads/doctor-id/a027a857-444b-4713-af3a-f63dbc8ec637.jpg,$synthetic$32be837e0543809fe5196a543d825d1291f4b284a1660c2b13ff699530d8cd5a,ENT,United Hospital Limited; Rajshahi Medical College Hospital,Khulna,Magura,"Station Road, Magura, Bangladesh",True,True
19268a74-ad6d-4e74-8768-6f2c6617867d,Arefin Hossain,arefin.hossain71@doctor.example.bd,+880130554330,,$synthetic$faeb6128e54715a5f8e1bd76fd7bb1e71d7fdcc619bbb45bf7cb69caf070fa72,Psychiatry,Labaid Specialized Hospital,Barishal,Jhalokati,"Medical College Road, Jhalokati, Bangladesh",True,True
fe42c250-5650-4a54-9338-b166814bc9b7,Nishat Tasnim,nishat.tasnim72@doctor.example.bd,+880140562249,/uploads/doctor-id/046122b2-2611-477c-9128-4cbf3444083d.jpg,$synthetic$26bb626eb211d949154274e6c3272b7b8a5ee24c4b22ec3f2740975de1cd48d6,Radiology,Chattogram Medical College Hospital; Barishal Sher-e-Bangla Medical College Hospital,Rangpur,Dinajpur,"Hospital Road, Dinajpur, Bangladesh",True,True
107b649b-9661-4e56-a7a0-232cad781856,Shuvo Das,shuvo.das73@doctor.example.bd,+880150570168,/uploads/doctor-id/2ba6222b-2b1b-4f9d-bc15-fe3596936870.jpg,$synthetic$fbd8f15fcc4376915e199293cd62104f6d47226815f0b3f3042313a0c7ad6aaa,Anesthesiology,Rajshahi Medical College Hospital,Rangpur,Thakurgaon,"Main Road, Thakurgaon Sadar, Bangladesh",True,False
dc9812de-2ee8-49e4-a280-3129066831ec,Liza Akter,liza.akter74@doctor.example.bd,+880160578087,/uploads/doctor-id/3c3e7950-578a-43db-bd56-a7348095f638.jpg,$synthetic$f6b3268a7070527b4ee025e6f67b903a3de888f1ba333b8389fb5366e5b962b1,Urology,Khulna Medical College Hospital; Rangpur Medical College Hospital,Dhaka,Gazipur,"Central Medical Area, Gazipur, Bangladesh",True,True
48f13e4e-b8cc-4322-810d-5f9cc37a6e73,Adnan Kabir,adnan.kabir75@doctor.example.bd,+880170586006,/uploads/doctor-id/2e4caffd-34a1-4eb2-92f1-f33377f0119c.jpg,$synthetic$13d9bedee5d6cc0f65de3b167542834102e04689ba1d70979bc7e89ca32befc2,Gastroenterology,Barishal Sher-e-Bangla Medical College Hospital,Dhaka,Narsingdi,"Station Road, Narsingdi, Bangladesh",True,True
607bfa13-b0af-4dff-bea0-67353c758e59,Muniya Rahman,muniya.rahman76@doctor.example.bd,+880180593925,/uploads/doctor-id/e89370aa-480b-46e2-a185-996c700d84ae.jpg,$synthetic$ff6880c135baa1f248c0bc14ee1840e889d45638aa4aca19ed1697511f8f5361,Nephrology,Sylhet MAG Osmani Medical College Hospital; Dhaka Medical College Hospital,Chattogram,Chattogram,"Medical College Road, Chattogram, Bangladesh",True,True
0bba56fb-2ebe-445e-80fa-5207f7f4c214,Rafsan Ahmed,rafsan.ahmed77@doctor.example.bd,+880190601844,/uploads/doctor-id/43836fc7-54a6-4e93-a46c-7230a2174d5c.jpg,$synthetic$f2fa7fe964997d7a292a38bb56ac94c9fdecd73c3a7840496508614eca61f2bc,Endocrinology,Rangpur Medical College Hospital,Chattogram,Rangamati,"Hospital Road, Rangamati, Bangladesh",True,False
34687a5e-c888-4b14-b831-cafb3e44ade5,Sharmeen Sultana,sharmeen.sultana78@doctor.example.bd,+880130609763,,$synthetic$7fe60f625db124e7a4fa00e0e88415f86bf0dc7f277c67a400efb602864341de,Pulmonology,Mymensingh Medical College Hospital; Square Hospital,Rajshahi,Rajshahi,"Main Road, Rajshahi Sadar, Bangladesh",True,True
c357a92f-898b-401f-b5a3-bf1ef59ac792,Khaled Hasan,khaled.hasan79@doctor.example.bd,+880140617682,/uploads/doctor-id/c6a52e1b-4226-43a5-a2bf-34e9a0d50993.jpg,$synthetic$00097dfda107d83bd232a87b68d738834bfa7f8ebdb6aad95a3447b02ab594ca,Oncology,Dhaka Medical College Hospital,Khulna,Kushtia,"Central Medical Area, Kushtia, Bangladesh",True,True
085486b3-3310-44fc-9453-16eeb44345e1,Tasmia Noor,tasmia.noor80@doctor.example.bd,+880150625601,/uploads/doctor-id/0ad7c47e-4c7d-47a6-b0ea-884cd6ab55c3.jpg,$synthetic$f190e366fa36c3c003af75bcbe347f003490b763538d470136a6d7fabac864b4,Family Medicine,Bangabandhu Sheikh Mujib Medical University; United Hospital Limited,Barishal,Bhola,"Station Road, Bhola, Bangladesh",True,True
3b41bf28-3087-452a-a3ca-cd1d4667a3c9,Rahat Hossain,rahat.hossain81@doctor.example.bd,+880160633520,/uploads/doctor-id/5a992030-4092-457d-912d-3a70109ae923.jpg,$synthetic$5b7f5aaf14eca215eb8657d60e0f700b165178fedd7cdc980c9c658dda4a7c61,Cardiology,Square Hospital,Sylhet,Sylhet,"Medical College Road, Sylhet, Bangladesh",True,False
b49ef285-6fa5-4d49-ac8e-beb8ff820cfa,Shila Akter,shila.akter82@doctor.example.bd,+880170641439,/uploads/doctor-id/71bfd3ae-6cb7-4d95-b6c3-31d17f6ba5b8.jpg,$synthetic$ae48fac3332b8451e9735256e563d20d79fe60b1e7dcdcf90c3e9cdac37c7e1e,Internal Medicine,Evercare Hospital Dhaka; Chattogram Medical College Hospital,Rangpur,Rangpur,"Hospital Road, Rangpur, Bangladesh",True,True
1eb1bfce-0a9f-41b6-9c80-c69c622238bd,Siam Ahmed,siam.ahmed83@doctor.example.bd,+880180649358,/uploads/doctor-id/17026694-177c-4c71-a8a1-9cfd86b582f9.jpg,$synthetic$2505f1b932528210aab78edb27469544e9b48f93ed89748ac4af8e123cd10d1c,Neurology,United Hospital Limited,Dhaka,Faridpur,"Main Road, Faridpur Sadar, Bangladesh",True,True
05158e55-fbea-4c15-b632-d73c8152d9cf,Fariha Islam,fariha.islam84@doctor.example.bd,+880190657277,/uploads/doctor-id/44c2801d-47e3-4c3f-9b00-c27b1b822395.jpg,$synthetic$687146001c9144b0090e64775875ebbafc543a362fd56451536df55731dff920,Pediatrics,Labaid Specialized Hospital; Khulna Medical College Hospital,Dhaka,Narayanganj,"Central Medical Area, Narayanganj, Bangladesh",True,True
1211c0dc-5242-47d9-9daf-992a0dd78771,Noman Chowdhury,noman.chowdhury85@doctor.example.bd,+880130665196,,$synthetic$47b7452f427cd0315e1f0c4f92dd793fc408274aab4c1dd732252fffc11c49ce,Dermatology,Chattogram Medical College Hospital,Chattogram,Chandpur,"Station Road, Chandpur, Bangladesh",True,False
da78243a-1c20-43dd-ae90-6189d047ce2f,Anamika Das,anamika.das86@doctor.example.bd,+880140673115,/uploads/doctor-id/f89dc065-7d9d-4eec-9cbe-6ad3483d74f9.jpg,$synthetic$b1f91548425a38ea4e605665984527d6fdd9050d9c8e44b5eee3d29136477c6f,Orthopedics,Rajshahi Medical College Hospital; Sylhet MAG Osmani Medical College Hospital,Chattogram,Noakhali,"Medical College Road, Noakhali, Bangladesh",False,True
b2c69d2b-b7f3-4f93-91d4-1a0c8eec56d0,Fardin Hasan,fardin.hasan87@doctor.example.bd,+880150681034,/uploads/doctor-id/5429d455-b472-4e20-934e-4820723e4202.jpg,$synthetic$0e3cb2ac214a3ea66abdb02e5c1c684ee4dfde4d00b1e6e9a695bfecf01e54f6,Obstetrics and Gynecology,Khulna Medical College Hospital,Rajshahi,Pabna,"Hospital Road, Pabna, Bangladesh",True,True
21025c08-2344-4330-8f35-87e8b9977f22,Sanjida Noor,sanjida.noor88@doctor.example.bd,+880160688953,/uploads/doctor-id/f39b9463-1e75-49d1-bb24-752959dfae15.jpg,$synthetic$ba2bcb158b646ac78e3119e76e0bbbf8ed9a2fb6f5a78a706a3776ada23e018c,General Surgery,Barishal Sher-e-Bangla Medical College Hospital; Mymensingh Medical College Hospital,Khulna,Khulna,"Main Road, Khulna Sadar, Bangladesh",True,True
0b463e7f-7b88-4f0f-8a10-93bcbd749d5a,Sakib Ahmed,sakib.ahmed89@doctor.example.bd,+880170696872,/uploads/doctor-id/109eb98a-34de-4f2f-86b5-1de7336b362d.jpg,$synthetic$08ace49dcc6db1c4d182991f2a71001d65bf02517bc63be2181cc376769d1048,Ophthalmology,Sylhet MAG Osmani Medical College Hospital,Barishal,Barishal,"Central Medical Area, Barishal, Bangladesh",True,False
99819e68-0d5e-447e-8416-3d2674c9b33f,Mithila Rahman,mithila.rahman90@doctor.example.bd,+880180704791,/uploads/doctor-id/d63bc6d3-a0d2-44fd-bc61-9060598bb6db.jpg,$synthetic$2425fce740ac18b8fdc2268cbd505227650b4c96bec3a894f43a37ebf6b325c9,ENT,Rangpur Medical College Hospital; Bangabandhu Sheikh Mujib Medical University,Sylhet,Sunamganj,"Station Road, Sunamganj, Bangladesh",True,True
a2e6a59e-53da-4f86-ab06-56c9abfbf6b9,Foysal Karim,foysal.karim91@doctor.example.bd,+880190712710,/uploads/doctor-id/b738f525-6dd9-4c6f-8171-67675c6dde32.jpg,$synthetic$f0f643bde28942a4c818c7f6b6b7a30bb58a923919ecd89d760e74a999b56824,Psychiatry,Mymensingh Medical College Hospital,Rangpur,Panchagarh,"Medical College Road, Panchagarh, Bangladesh",True,True
12c9995e-45a8-49e0-93c4-2f46d5c7b811,Tanjila Akter,tanjila.akter92@doctor.example.bd,+880130720629,,$synthetic$a6bbbee9d4a4b49b40da869add1cd4455d24af36c7065fc69d880f994943444e,Radiology,Dhaka Medical College Hospital; Evercare Hospital Dhaka,Dhaka,Dhaka,"Hospital Road, Dhaka, Bangladesh",True,True
56e7d734-95d6-48b3-af28-f00c38f0b0d1,Abrar Hossain,abrar.hossain93@doctor.example.bd,+880140728548,/uploads/doctor-id/24b5682e-739e-4185-ba51-e3792f42abef.jpg,$synthetic$7596d72f35ebbea2029e1bdebd2ab0a81b0e3c889e71f1e6b9cc9a70867b6501,Anesthesiology,Bangabandhu Sheikh Mujib Medical University,Dhaka,Munshiganj,"Main Road, Munshiganj Sadar, Bangladesh",True,False
adc0b69d-0418-4321-934c-bcd90dcbfa81,Moushumi Islam,moushumi.islam94@doctor.example.bd,+880150736467,/uploads/doctor-id/9b28499d-9215-4383-9cff-9588b3a50694.jpg,$synthetic$49f421a916d8c42d42df24ac518db61286031bb6b94569fb5dbc8105d8085312,Urology,Square Hospital; Labaid Specialized Hospital,Chattogram,Brahmanbaria,"Central Medical Area, Brahmanbaria, Bangladesh",True,True
4a820345-53b5-47f3-98e8-eb53e167e131,Rifat Ahmed,rifat.ahmed95@doctor.example.bd,+880160744386,/uploads/doctor-id/d97b38bb-f24b-4375-9377-3c325b08f5f2.jpg,$synthetic$bb72774fe2ec92dfe1a5d90bb136b05862db2482a0c73715717f1ded7dd51e60,Gastroenterology,Evercare Hospital Dhaka,Chattogram,Lakshmipur,"Station Road, Lakshmipur, Bangladesh",True,True
c4596f08-aa0c-4a60-9f70-1b17e65e3587,Sharmin Jahan,sharmin.jahan96@doctor.example.bd,+880170752305,/uploads/doctor-id/ea1c77ce-0c31-4c30-b31c-4ff526866271.jpg,$synthetic$90f1b59acb839e66e3310b500c61408a3d7c2c0e9b46614c5f40982be763e755,Nephrology,United Hospital Limited; Rajshahi Medical College Hospital,Rajshahi,Natore,"Medical College Road, Natore, Bangladesh",True,True
5dac8ce0-e260-43fa-8fbd-530d319caf16,Ashikur Rahman,ashikur.rahman97@doctor.example.bd,+880180760224,/uploads/doctor-id/4e7a7e41-7d72-4531-9789-db67b0ad9325.jpg,$synthetic$1e8e868a825cacf2e3c74c35fc5aa530cfbfcf65801781113937f08db9b7370b,Endocrinology,Labaid Specialized Hospital,Khulna,Jhenaidah,"Hospital Road, Jhenaidah, Bangladesh",True,False
6f6e9c12-fcb2-4301-9d00-5002455057be,Nazia Sultana,nazia.sultana98@doctor.example.bd,+880190768143,/uploads/doctor-id/eaf047e9-9037-48dd-9dba-9e9c5109dbd8.jpg,$synthetic$1ea73c8da06b87f20ce1e9c3e87dbc7abcbba9822a43badab01251b1ae972d60,Pulmonology,Chattogram Medical College Hospital; Barishal Sher-e-Bangla Medical College Hospital,Barishal,Barguna,"Main Road, Barguna Sadar, Bangladesh",True,True
7c514ce5-15e8-4dc1-92c6-9703554de5c6,Wasif Hasan,wasif.hasan99@doctor.example.bd,+880130776062,,$synthetic$85860530a733ec744b1181e1ec0f76debbe6a3b44af02deee00b63539361c459,Oncology,Rajshahi Medical College Hospital,Sylhet,Moulvibazar,"Central Medical Area, Moulvibazar, Bangladesh",True,True
81db9fc9-d6ef-44b2-ade8-f5f6b41e57c5,Rumana Akter,rumana.akter100@doctor.example.bd,+880140783981,/uploads/doctor-id/7047d389-6e41-4eb2-9c56-f593fef11517.jpg,$synthetic$8339386da389ddd6cf5d01e14e0fe9975eb4d5bcb727e452895eefee33131606,Family Medicine,Khulna Medical College Hospital; Rangpur Medical College Hospital,Rangpur,Nilphamari,"Station Road, Nilphamari, Bangladesh",True,True
